Create database SE;
use SE;
create table Student(S_ID char(3) primary key, S_Name varchar(30) unique, S_Age int check(S_Age>18), S_PHN int, S_Email varchar(30));
create table Course(C_ID char(3) primary key, C_Name Varchar(20) unique, C_Credits int);
create table Enrollment(E_ID char(3) primary key, E_Grade Char(3) not null, E_Fee decimal(10,2), S_ID Char(3), C_ID char(3), foreign key (S_ID) references Student(S_ID), Foreign key (C_ID) references course(C_ID));
insert into Student values("S1", "Aditya", 20, 12345, "Aditya@gmail.com");
insert into Student values("S2", "Bhavya", 23, 12345, "bhavya@gmail.com");
insert into Student values("S3", "Chaitra", 19, 12345, "Chaitra@gmail.com");
insert into Student values("S4", "Dhanya", 20, 12345, "Dhanya@gmail.com");
insert into Student values("S5", "Gagan", 26, 12345, "Gagan@gmail.com");
insert into Student values("S6", "harish", 27, 12345, "Harish@gmail.com");
insert into Student values("S7", "Indra", 25, 12345, "Indra@gmail.com");
insert into Student values("S8", "jagadish", 23, 12345, "jagadish@gmail.com");
insert into Student values("S9", "kashish", 28, 12345, "kashish@gmail.com");
insert into Student values("S10", "Laksh", 19, 12345, "Laksh@gmail.com");
insert into Student values("S11", "Harsha", 22, 12345, "harsha@gmail.com");
insert into Student values("S12", "Lavanya", 27, 12345, "Lavanya@gmail.com");
insert into Course Values("C1", "Data Analytics", 4);
insert into Course Values("C2", "Business Analytics", 3);
insert into Course Values("C3", "ML", 5);
insert into Course Values("C4", "Graphic Design", 4);
insert into Course Values("C5", "Web Development", 5);
insert into Enrollment Values("E1", "A", 45000.00, "S1", "C1");
insert into Enrollment Values("E2", "A", 45000.00, "S2", "C1");
insert into Enrollment Values("E3", "A", 45000.00, "S3", "C1");
insert into Enrollment Values("E4", "A", 45000.00, "S4", "C1");
insert into Enrollment Values("E5", "B", 35000.00, "S6", "C2");
delete from Enrollment where E_ID="E5";
select * from Enrollment;
insert into Enrollment Values("E5", "B", 35000.00, "S5", "C2");
insert into Enrollment Values("E6", "B", 35000.00, "S6", "C2");
insert into Enrollment Values("E7", "B", 35000.00, "S7", "C2");
insert into Enrollment Values("E8", "B", 35000.00, "S8", "C2");
insert into Enrollment Values("E9", "A", 40000.00, "S9", "C3");
insert into Enrollment Values("E10", "A", 40000.00, "S10", "C3");
insert into Enrollment Values("E11", "A", 40000.00, "S11", "C3");
insert into Enrollment Values("E12", "A", 40000.00, "S12", "C3");
insert into Enrollment Values("E13", "B", 32000.00, "S1", "C4");
insert into Enrollment Values("E14", "B", 32000.00, "S2", "C4");
insert into Enrollment Values("E15", "B", 32000.00, "S3", "C4");
insert into Enrollment Values("E16", "B", 32000.00, "S4", "C4");
insert into Enrollment Values("E17", "A", 50000.00, "S5", "C5");
insert into Enrollment Values("E18", "A", 50000.00, "S6", "C5");
insert into Enrollment Values("E19", "A", 50000.00, "S7", "C5");
insert into Enrollment Values("E20", "A", 50000.00, "S8", "C5");
select * from Student;
select * from Course;
select * from Enrollment;
